students,day,time,activity
Aart Pothuizen,Fri,15,1
Aart Pothuizen,Mon,11,1
Aart Pothuizen,Mon,13,1
Aart Pothuizen,Mon,15,1
Aart Pothuizen,Thu,11,1
Aart Pothuizen,Thu,17,1
Aart Pothuizen,Wed,11,1
Aart Pothuizen,Wed,13,1
Abdallah Beulen,Fri,13,1
Abdallah Beulen,Fri,15,1
Abdallah Beulen,Mon,9,1
Abdallah Beulen,Mon,13,3
Abdallah Beulen,Thu,11,1
Abdallah Beulen,Thu,15,1
Abdallah Beulen,Wed,11,1
Abdallah Beulen,Wed,13,1
Abdelkader Gijbels,Fri,11,1
Abdelkader Gijbels,Mon,11,1
Abdelkader Gijbels,Mon,15,1
Abdelkader Gijbels,Thu,17,1
Abdelkader Gijbels,Wed,9,1
Abdelkader Gijbels,Wed,13,1
Abdelkader Gijbels,Wed,15,1
Abdelouahid Cramer,Thu,11,1
Abdeslam Ridderhof,Fri,9,1
Abdeslam Ridderhof,Thu,9,1
Abdeslam Ridderhof,Wed,13,1
Abdul van der Meeren,Fri,9,3
Abdul van der Meeren,Mon,9,1
Abdul van der Meeren,Thu,9,2
Abdul van der Meeren,Wed,9,1
Abdul van der Meeren,Wed,11,1
Abdul van der Meeren,Wed,13,1
Abdül Buth,Mon,11,1
Abdül Buth,Mon,15,1
Abdül Buth,Wed,9,1
Abdül Buth,Wed,15,1
Aboubakr Terpstra,Mon,9,1
Abram van Mierlo,Fri,13,1
Abram van Mierlo,Mon,13,2
Abram van Mierlo,Thu,9,1
Abram van Mierlo,Thu,11,1
Abram van Mierlo,Wed,9,1
Abram van Mierlo,Wed,11,3
Abram van Mierlo,Wed,15,1
Adil Klop,Fri,9,1
Adil Klop,Fri,11,1
Adil Klop,Mon,9,1
Adil Klop,Thu,9,1
Adil Klop,Wed,13,1
Adisa Reek,Fri,9,1
Adisa Reek,Fri,13,1
Adisa Reek,Mon,13,1
Adisa Reek,Wed,11,1
Aidan van Iwaarden,Fri,9,1
Aidan van Iwaarden,Mon,15,1
Aidan van Iwaarden,Thu,17,1
Aidan van Iwaarden,Wed,13,1
Albertien de Hoogh,Mon,11,1
Albertien de Hoogh,Mon,13,1
Albertien de Hoogh,Thu,11,1
Albertien de Hoogh,Wed,9,1
Albertien de Hoogh,Wed,11,1
Albertine Schellevis,Mon,9,1
Albertine Schellevis,Thu,9,1
Albertine Schellevis,Wed,13,1
Alexandra Wijnsma,Fri,11,1
Alexandra Wijnsma,Mon,9,1
Alexandra Wijnsma,Thu,11,1
Alexandra Wijnsma,Wed,9,1
Alexandre de Olde,Fri,11,1
Allan Budel,Fri,11,1
Allan Budel,Mon,9,1
Allan Budel,Mon,11,1
Allan Budel,Thu,9,1
Allan Budel,Wed,13,1
Amadou Boekema,Fri,17,1
Amadou Boekema,Mon,15,1
Amadou Boekema,Thu,15,1
Amadou Boekema,Thu,17,1
Amadou Boekema,Wed,13,1
Amos van den Oord,Fri,17,1
Amélie Daams,Fri,9,1
Amélie Daams,Fri,11,1
Amélie Daams,Mon,9,1
André Dieters,Fri,11,1
André Dieters,Fri,13,1
André Dieters,Mon,15,1
André Dieters,Thu,9,1
André Dieters,Thu,11,1
André Dieters,Wed,9,1
André Dieters,Wed,11,1
André Dieters,Wed,13,1
André Putters,Fri,13,1
André Putters,Fri,15,1
André Putters,Mon,11,2
André Putters,Mon,13,2
André Putters,Thu,13,1
André Putters,Thu,15,1
André Putters,Wed,9,2
André Putters,Wed,13,1
Anes de Kanter,Thu,9,1
Anes de Kanter,Wed,9,1
Anes de Kanter,Wed,11,1
Angelica Sarikaya,Fri,11,1
Angelica Sarikaya,Mon,13,3
Angelica Sarikaya,Thu,11,1
Angelica Sarikaya,Thu,15,1
Angelica Sarikaya,Wed,9,1
Angelica Sarikaya,Wed,11,1
Angus Brusse,Fri,11,1
Angus Brusse,Thu,11,1
Angus Brusse,Wed,9,1
Angèle Berentsen,Fri,15,1
Angèle Berentsen,Fri,17,1
Angèle Berentsen,Mon,11,1
Angèle Berentsen,Mon,15,2
Angèle Berentsen,Thu,9,1
Angèle Berentsen,Wed,11,1
Anjana Bloemsma,Fri,13,1
Annamaria Twigt,Thu,9,2
Annamaria Twigt,Wed,9,1
Annamaria Twigt,Wed,11,1
Annamaria Twigt,Wed,13,1
Anne-Jan van Waardenburg,Fri,11,1
Anne-Jan van Waardenburg,Thu,11,1
Anne-Jan van Waardenburg,Wed,9,1
Anne-Jet Hofman,Fri,13,1
Anne-Jet Hofman,Mon,13,1
Anne-Jet Hofman,Wed,11,1
Annemarie Vooijs,Fri,13,1
Annigje Prinssen,Thu,9,1
Annigje Prinssen,Thu,11,1
Annigje Prinssen,Wed,9,1
Annigje Prinssen,Wed,11,1
Annique Berrevoets,Mon,13,1
Annique Berrevoets,Thu,11,2
Annique Berrevoets,Wed,11,1
Ans van Montfort,Fri,15,1
Ans van Montfort,Mon,11,1
Ans van Montfort,Thu,13,1
Ans van Montfort,Wed,9,1
Ans van Montfort,Wed,13,1
Anthonius van Zoelen,Thu,15,1
Antonetta Moeskops,Fri,9,1
Antonetta Moeskops,Thu,9,1
Antonius Fleming,Mon,15,1
Antonius Fleming,Thu,17,1
Antonius Fleming,Wed,13,1
Aradhna Jonkergouw,Mon,11,1
Aradhna Jonkergouw,Wed,9,1
Ard Tielemans,Fri,9,3
Ard Tielemans,Mon,9,1
Ard Tielemans,Mon,11,1
Ard Tielemans,Mon,15,3
Ard Tielemans,Mon,17,1
Ard Tielemans,Thu,9,1
Ard Tielemans,Thu,13,1
Ard Tielemans,Wed,9,1
Ard Tielemans,Wed,11,1
Arianna Tettero,Fri,9,1
Arif Schrader,Mon,11,1
Arif Schrader,Thu,9,1
Arif Schrader,Wed,13,1
Arina Ubbink,Wed,13,1
Armin Bol,Mon,9,1
Armin Bol,Mon,11,1
Arnela Visch,Mon,15,1
Arnela Visch,Thu,17,1
Arnela Visch,Wed,13,1
Ay?egül van der Marel,Mon,15,1
Ay?egül van der Marel,Thu,9,1
Ay?egül van der Marel,Wed,11,1
Ayça Woertman,Fri,13,1
Ayça Woertman,Mon,11,2
Ayça Woertman,Mon,15,3
Ayça Woertman,Mon,17,1
Ayça Woertman,Thu,9,1
Ayça Woertman,Wed,9,3
Ayça Woertman,Wed,11,1
Ayça Woertman,Wed,13,1
Aïcha van der Meer,Fri,9,1
Aïcha van der Meer,Mon,11,1
Aïcha van der Meer,Mon,15,2
Aïcha van der Meer,Thu,9,1
Aïcha van der Meer,Wed,9,1
Aïcha van der Meer,Wed,11,1
Bahattin Geelen,Mon,11,1
Bahattin Geelen,Wed,9,1
Bauke Elschot,Mon,15,1
Bauke Elschot,Thu,17,1
Bauke Elschot,Wed,13,1
Belle Florijn,Fri,13,1
Belle Florijn,Wed,13,1
Belle Florijn,Wed,15,1
Benjamin Arendse,Fri,13,1
Benjamin Arendse,Mon,13,1
Benjamin Arendse,Wed,11,1
Berdina Heijman,Fri,17,1
Berdina Heijman,Mon,11,1
Berdina Heijman,Thu,11,1
Berit van Ingen,Mon,15,1
Berit van Ingen,Thu,9,1
Berit van Ingen,Thu,15,1
Berit van Ingen,Wed,11,1
Berit van Ingen,Wed,13,1
Bilal Tip,Thu,11,1
Björn Leijen,Mon,13,1
Björn Leijen,Mon,15,2
Björn Leijen,Mon,17,1
Björn Leijen,Thu,11,1
Björn Leijen,Wed,11,1
Bo Hilhorst,Fri,11,1
Bo Hilhorst,Mon,13,2
Bo Hilhorst,Thu,15,1
Bobby Veldhuis,Fri,9,1
Bobby Veldhuis,Fri,11,1
Bobby Veldhuis,Fri,13,1
Bobby Veldhuis,Mon,9,1
Bobby Veldhuis,Mon,13,1
Bobby Veldhuis,Mon,15,2
Bobby Veldhuis,Mon,17,1
Bobby Veldhuis,Wed,11,1
Bodie Metselaar,Fri,9,2
Bodie Metselaar,Mon,9,1
Bodie Metselaar,Mon,11,1
Bodie Metselaar,Mon,15,1
Bodie Metselaar,Thu,17,1
Bodie Metselaar,Wed,13,1
Borre van Ruler,Fri,17,1
Boy Dibbets,Fri,9,1
Boy Dibbets,Fri,11,3
Boy Dibbets,Mon,9,1
Boy Dibbets,Wed,9,1
Brecht Eeltink,Mon,13,1
Brecht Eeltink,Mon,15,1
Brecht Eeltink,Thu,11,1
Brecht Eeltink,Thu,17,1
Brecht Eeltink,Wed,11,1
Brecht Eeltink,Wed,13,1
Brigitta Diallo,Fri,13,1
Brigitta Diallo,Mon,11,1
Brigitta Diallo,Mon,13,1
Brigitta Diallo,Mon,15,3
Brigitta Diallo,Mon,17,1
Brigitta Diallo,Thu,9,1
Brigitta Diallo,Thu,11,1
Brigitta Diallo,Thu,13,1
Brigitta Diallo,Wed,9,1
Brigitta Diallo,Wed,11,2
Btissam van den Boer,Fri,17,1
Btissam van den Boer,Mon,11,1
Btissam van den Boer,Wed,9,1
Buck Lantinga,Mon,11,2
Buck Lantinga,Mon,15,3
Buck Lantinga,Mon,17,1
Buck Lantinga,Thu,15,1
Buck Lantinga,Wed,9,1
Buck Lantinga,Wed,13,1
Callista Mutsaers,Fri,13,1
Caressa van Roemburg,Fri,9,1
Carmela van Gerwen,Mon,11,1
Carmela van Gerwen,Mon,15,1
Carmela van Gerwen,Thu,9,1
Carmela van Gerwen,Thu,15,1
Carmela van Gerwen,Thu,17,1
Carmela van Gerwen,Wed,13,2
Casimir Overbeeke,Mon,15,2
Casimir Overbeeke,Mon,17,1
Catharinus Eggermont,Mon,13,1
Catharinus Eggermont,Thu,11,1
Catharinus Eggermont,Wed,11,1
Catherine Hoornstra,Fri,11,1
Catherine Hoornstra,Mon,11,1
Catherine Hoornstra,Thu,9,1
Catherine Hoornstra,Wed,9,1
Catherine Hoornstra,Wed,13,1
Catherine Hoornstra,Wed,15,1
Ceciel Kentie,Fri,9,1
Ceciel Kentie,Fri,15,1
Ceciel Kentie,Thu,9,1
Ceciel Kentie,Wed,9,1
Ceciel Kentie,Wed,11,1
Cemil van Barneveld,Fri,11,1
Cemil van Barneveld,Fri,15,1
Cemil van Barneveld,Wed,9,1
Cemil van Barneveld,Wed,13,1
Ceren van den Engel,Fri,9,1
Ceren van den Engel,Mon,15,1
Ceren van den Engel,Thu,17,1
Ceren van den Engel,Wed,13,1
Chaimae Swiers,Fri,9,1
Chaimae Swiers,Fri,11,2
Chaimae Swiers,Mon,9,1
Chaimae Swiers,Wed,9,1
Chelly van der Doelen,Fri,11,1
Chelly van der Doelen,Fri,13,1
Chelly van der Doelen,Fri,15,1
Chelly van der Doelen,Mon,9,2
Chelly van der Doelen,Mon,13,1
Chelly van der Doelen,Wed,11,1
Cherilyn van Amelsvoort,Fri,9,1
Cherilyn van Amelsvoort,Fri,13,1
Cherilyn van Amelsvoort,Fri,17,1
Cherilyn van Amelsvoort,Mon,9,1
Cherilyn van Amelsvoort,Wed,13,1
Cherissa Koudijs,Fri,11,1
Chesney Autar,Thu,9,1
Chesney Autar,Wed,9,1
Chesney Autar,Wed,11,1
Cheyenna Reuvekamp,Fri,11,1
Cheyenna Reuvekamp,Fri,13,1
Cheyenna Reuvekamp,Mon,13,1
Cheyenna Reuvekamp,Mon,15,1
Cheyenna Reuvekamp,Thu,9,1
Cheyenna Reuvekamp,Wed,11,2
Chi Liebregts,Fri,13,1
Chi Liebregts,Mon,15,1
Chi Liebregts,Thu,9,1
Chi Liebregts,Wed,11,1
Chico Zwarts,Wed,15,1
Chloe Vermanen,Fri,11,1
Chloe Vermanen,Mon,9,1
Chloe Vermanen,Thu,9,1
Chloe Vermanen,Wed,13,1
Christal Hoogerbrugge,Fri,13,1
Christal Hoogerbrugge,Mon,13,2
Christal Hoogerbrugge,Thu,11,1
Christal Hoogerbrugge,Wed,11,2
Christal Hoogerbrugge,Wed,15,1
Christiaan van Zon,Fri,11,1
Christiana Siero,Fri,9,1
Christiana Siero,Mon,15,2
Christiana Siero,Mon,17,1
Christianus Laman,Fri,13,2
Christianus Laman,Mon,13,1
Christianus Laman,Thu,9,1
Christianus Laman,Wed,11,1
Christianus Laman,Wed,13,1
Christoffel 't Jong,Fri,9,1
Christoffel 't Jong,Thu,9,2
Christoffel 't Jong,Wed,9,1
Christoffel 't Jong,Wed,11,1
Christoffel 't Jong,Wed,13,1
Chrystel Kalshoven,Fri,9,1
Chrystel Kalshoven,Fri,11,1
Chrystel Kalshoven,Fri,13,1
Chrystel Kalshoven,Fri,17,1
Chrystel Kalshoven,Thu,11,1
Ciske van Kalsbeek,Mon,11,1
Ciske van Kalsbeek,Thu,11,1
Ciske van Kalsbeek,Thu,13,1
Ciske van Kalsbeek,Wed,9,1
Claudine Nagel,Fri,9,1
Cleo van Rietschoten,Fri,9,1
Cleo van Rietschoten,Fri,13,1
Cleo van Rietschoten,Wed,13,1
Corry Kroonen,Fri,9,2
Corry Kroonen,Fri,11,1
Corry Kroonen,Mon,9,1
Corry Kroonen,Wed,9,1
Cyrano van den Eijnde,Fri,11,1
Cyrano van den Eijnde,Fri,13,1
Cyrano van den Eijnde,Fri,17,1
Cyrano van den Eijnde,Wed,13,1
Cyrille van den Ham,Fri,9,1
Cyrina Brasser,Fri,9,2
Cyrina Brasser,Mon,9,2
Cyrina Brasser,Wed,15,1
Daisy van der Klei,Fri,9,1
Daisy van der Klei,Fri,11,2
Daisy van der Klei,Mon,15,3
Daisy van der Klei,Mon,17,1
Daisy van der Klei,Thu,17,1
Daisy van der Klei,Wed,9,1
Daisy van der Klei,Wed,13,1
Dalila van Sommeren,Fri,9,1
Dalila van Sommeren,Fri,13,1
Dalila van Sommeren,Mon,13,1
Dalila van Sommeren,Wed,11,1
Dana Hoeksema,Mon,15,1
Dana Hoeksema,Thu,9,1
Dana Hoeksema,Thu,17,1
Dana Hoeksema,Wed,13,1
Dana Hoeksema,Wed,15,1
Danique Knibbe,Fri,11,2
Danique Knibbe,Mon,9,2
Danique Knibbe,Mon,13,2
Danique Knibbe,Thu,9,1
Danique Knibbe,Thu,15,1
Danique Knibbe,Wed,13,1
Darian van der Steege,Fri,9,1
Darian van der Steege,Fri,17,1
Dax Voskuilen,Mon,13,1
Dax Voskuilen,Thu,9,2
Dax Voskuilen,Thu,11,1
Dax Voskuilen,Wed,9,1
Dax Voskuilen,Wed,11,2
Dax Voskuilen,Wed,13,1
Deacon Gielissen,Fri,17,1
Deacon Gielissen,Mon,13,3
Deacon Gielissen,Mon,15,1
Deacon Gielissen,Thu,11,1
Deacon Gielissen,Thu,15,1
Deacon Gielissen,Thu,17,1
Deacon Gielissen,Wed,11,1
Deacon Gielissen,Wed,13,1
Deejay van der Geer,Fri,11,2
Deejay van der Geer,Mon,9,1
Deejay van der Geer,Mon,11,1
Deejay van der Geer,Mon,13,2
Deejay van der Geer,Mon,15,1
Deejay van der Geer,Thu,9,1
Deejay van der Geer,Thu,13,1
Deejay van der Geer,Thu,15,1
Deejay van der Geer,Wed,9,2
Deejay van der Geer,Wed,11,1
Demelza van Kommer,Fri,9,2
Demelza van Kommer,Fri,11,1
Demelza van Kommer,Mon,9,1
Demelza van Kommer,Thu,9,1
Demelza van Kommer,Wed,13,1
Desireé Potgieter,Fri,9,1
Desireé Potgieter,Fri,11,1
Desireé Potgieter,Mon,15,1
Desireé Potgieter,Thu,9,1
Desireé Potgieter,Wed,9,1
Desireé Potgieter,Wed,11,1
Devlin Bronsema,Fri,9,1
Devlin Bronsema,Fri,11,1
Devlin Bronsema,Mon,11,1
Devlin Bronsema,Mon,15,1
Devlin Bronsema,Wed,9,2
Devon Keijser,Thu,15,1
Diemer Fokkens,Fri,9,2
Diemer Fokkens,Mon,9,2
Diemer Fokkens,Mon,11,1
Diemer Fokkens,Thu,9,2
Diemer Fokkens,Wed,9,2
Diemer Fokkens,Wed,11,1
Diemer Fokkens,Wed,13,1
Dinah Ensink,Fri,9,1
Dinah Ensink,Fri,17,1
Dineke Valster,Fri,9,1
Dineke Valster,Fri,13,1
Dineke Valster,Wed,13,1
Dingenus Loeffen,Thu,11,1
Diny Aslan,Thu,9,1
Diny Aslan,Wed,13,1
Djamilla Wesselink,Fri,17,1
Djamilla Wesselink,Thu,9,1
Djamilla Wesselink,Wed,13,2
Djura Kol,Fri,9,2
Djura Kol,Fri,15,1
Djura Kol,Mon,9,1
Djura Kol,Mon,11,1
Djura Kol,Thu,9,1
Djura Kol,Wed,9,2
Djura Kol,Wed,11,1
Djuri Korpershoek,Thu,9,1
Djuri Korpershoek,Wed,9,1
Djuri Korpershoek,Wed,11,1
Do?ukan Krikke,Fri,13,1
Doede Duiveman,Mon,11,2
Doede Duiveman,Mon,15,2
Doede Duiveman,Thu,9,1
Doede Duiveman,Thu,17,1
Doede Duiveman,Wed,9,3
Doede Duiveman,Wed,11,1
Doede Duiveman,Wed,13,2
Doetje Munsters,Fri,17,1
Dolf Snippe,Wed,13,1
Donné Buurma,Fri,15,1
Donné Buurma,Fri,17,1
Dorenda Malestein,Fri,11,1
Dorenda Malestein,Fri,17,1
Dorenda Malestein,Mon,9,1
Dorenda Malestein,Mon,13,1
Dorenda Malestein,Thu,11,1
Dorenda Malestein,Wed,11,1
Dragana van Ruitenbeek,Mon,15,1
Dragana van Ruitenbeek,Thu,17,1
Dragana van Ruitenbeek,Wed,13,1
Eddy Gerritse,Mon,9,1
Edin Bastings,Fri,11,1
Edin Bastings,Mon,15,3
Edin Bastings,Mon,17,1
Edin Bastings,Thu,9,1
Edin Bastings,Thu,11,1
Edin Bastings,Wed,9,1
Edin Bastings,Wed,11,1
Edin Bastings,Wed,15,1
Edwinus Voigt,Thu,9,1
Edwinus Voigt,Thu,11,1
Edwinus Voigt,Wed,13,1
El van Rosmalen,Fri,11,1
Elbertha Schoneveld,Fri,11,1
Elbertha Schoneveld,Thu,9,1
Elbertha Schoneveld,Wed,9,1
Elbertha Schoneveld,Wed,13,1
Elbertus Tamis,Fri,17,1
Eleanora Rovers,Mon,11,1
Eleanora Rovers,Mon,15,2
Eleanora Rovers,Thu,17,1
Eleanora Rovers,Wed,13,1
Ella Bischoff,Mon,15,2
Ella Bischoff,Mon,17,1
Elske van Suijlekom,Fri,11,1
Elske van Suijlekom,Fri,13,1
Elske van Suijlekom,Mon,11,1
Elske van Suijlekom,Thu,9,1
Elske van Suijlekom,Wed,9,3
Elske van Suijlekom,Wed,11,1
Elske van Suijlekom,Wed,13,1
Eltjo Beunen,Fri,15,1
Eltjo Beunen,Mon,13,1
Eltjo Beunen,Thu,11,1
Eltjo Beunen,Wed,11,1
Emil Bergmans,Fri,17,1
Emil Bergmans,Mon,11,1
Emil Bergmans,Mon,15,1
Emil Bergmans,Thu,9,1
Emil Bergmans,Thu,11,1
Emil Bergmans,Wed,11,1
Emircan van de Bunt,Mon,15,1
Emircan van de Bunt,Thu,17,1
Emircan van de Bunt,Wed,13,1
Emme Udo,Fri,13,1
Emme Udo,Mon,15,2
Emme Udo,Mon,17,1
Emme Udo,Thu,9,1
Emme Udo,Wed,9,1
Emme Udo,Wed,11,1
Emme Udo,Wed,13,2
Emrah Schrama,Fri,13,1
Emrah Schrama,Mon,11,2
Emrah Schrama,Mon,13,2
Emrah Schrama,Mon,15,1
Emrah Schrama,Thu,11,1
Emrah Schrama,Thu,15,1
Emrah Schrama,Wed,9,2
Emrah Schrama,Wed,13,1
Enes Siemonsma,Fri,11,1
Enes Siemonsma,Mon,15,2
Enes Siemonsma,Mon,17,1
Enrico van Triest,Fri,11,1
Enrico van Triest,Mon,15,1
Enrico van Triest,Thu,17,1
Enrico van Triest,Wed,9,1
Enrico van Triest,Wed,13,1
Enrique van den Born,Fri,13,1
Enrique van den Born,Mon,11,2
Enrique van den Born,Mon,15,1
Enrique van den Born,Wed,9,2
Enya Kemps,Fri,11,1
Enya Kemps,Wed,9,1
Erdal Ramcharan,Fri,11,1
Erdal Ramcharan,Mon,11,1
Erdal Ramcharan,Wed,9,1
Ervin Hartevelt,Fri,15,1
Esmé Karim,Fri,15,1
Esmé Karim,Fri,17,1
Esmé Karim,Thu,9,1
Esmé Karim,Wed,15,1
Esmée Hooijmaijers,Mon,13,3
Esmée Hooijmaijers,Thu,11,1
Esmée Hooijmaijers,Thu,15,1
Esmée Hooijmaijers,Wed,11,1
Esmée Hooijmaijers,Wed,15,1
Esperanza Kwee,Fri,17,1
Ethan Broer,Fri,17,1
Ethan Broer,Mon,13,1
Ethan Broer,Mon,15,1
Ethan Broer,Thu,9,1
Ethan Broer,Thu,11,1
Ethan Broer,Wed,11,2
Evelina Wensing,Fri,17,1
Evelina Wensing,Thu,9,1
Eveline Kops,Fri,13,1
Evelyn Koelemij,Fri,17,1
Evelyn Koelemij,Mon,15,1
Evelyn Koelemij,Thu,9,1
Evelyn Koelemij,Thu,17,1
Evelyn Koelemij,Wed,13,2
Everhard Curvers,Mon,11,1
Everhard Curvers,Mon,15,1
Everhard Curvers,Wed,9,1
Evi Appel,Mon,15,2
Evi Appel,Mon,17,1
Eylem Haas,Fri,9,1
Eylem Haas,Fri,11,1
Eylem Haas,Fri,17,1
Eylem Haas,Mon,11,1
Eylem Haas,Mon,15,1
Eylem Haas,Thu,9,1
Eylem Haas,Wed,9,3
Eylem Haas,Wed,11,1
Eyup Milder,Thu,9,1
Eyup Milder,Wed,13,1
Eyup Wesselman,Mon,13,1
Eyup Wesselman,Thu,11,1
Eyup Wesselman,Wed,11,1
Fae van Luttikhuizen,Mon,9,1
Fae van Luttikhuizen,Thu,9,1
Fae van Luttikhuizen,Wed,13,1
Farah Pastoor,Fri,13,1
Farah Pastoor,Mon,15,1
Farah Pastoor,Thu,17,1
Farah Pastoor,Wed,13,1
Farhad de Kuijer,Thu,11,1
Farhad de Kuijer,Wed,15,1
Faruk Haalboom,Fri,11,1
Faruk Haalboom,Wed,9,1
Fatime Rodenburg,Fri,9,2
Fatime Rodenburg,Mon,9,1
Fatime Rodenburg,Mon,15,2
Fatime Rodenburg,Mon,17,1
Fatime Rodenburg,Thu,11,1
Fatime Rodenburg,Wed,15,1
Fauve Neve,Mon,11,1
Fauve Neve,Wed,9,1
Faya Jagersma,Fri,11,1
Faya Jagersma,Thu,9,1
Faya Jagersma,Wed,9,1
Faya Jagersma,Wed,13,1
Faya Jagersma,Wed,15,1
Federico Levels,Fri,13,1
Federico Levels,Mon,15,1
Federico Levels,Thu,9,1
Federico Levels,Thu,17,1
Federico Levels,Wed,9,1
Federico Levels,Wed,11,1
Federico Levels,Wed,13,1
Fedoua van Poorten,Fri,9,2
Fedoua van Poorten,Mon,9,1
Fedoua van Poorten,Thu,9,1
Fedoua van Poorten,Wed,13,1
Felien Uitslag,Fri,11,2
Felien Uitslag,Mon,9,2
Felien Uitslag,Mon,15,2
Felien Uitslag,Mon,17,1
Felien Uitslag,Wed,9,1
Femia Brink,Mon,15,2
Femia Brink,Mon,17,1
Femia Brink,Wed,15,1
Ferhan van der Gulik,Thu,9,1
Ferhan van der Gulik,Wed,9,1
Ferhan van der Gulik,Wed,11,1
Filipe Wiersema,Fri,11,1
Filipe Wiersema,Mon,13,2
Filipe Wiersema,Mon,15,1
Filipe Wiersema,Thu,15,1
Filipe Wiersema,Thu,17,1
Filipe Wiersema,Wed,9,1
Filipe Wiersema,Wed,13,1
Florus Holtkamp,Fri,9,1
Florus Holtkamp,Mon,9,1
Franke Stoppels,Mon,15,1
Franke Stoppels,Thu,9,1
Franke Stoppels,Wed,11,1
Franklin Stuurman,Fri,11,1
Franklin Stuurman,Thu,11,1
Franklin Stuurman,Wed,9,1
Fransiscus Zagers,Fri,13,1
Fransiscus Zagers,Fri,17,1
Fransiscus Zagers,Mon,13,1
Fransiscus Zagers,Wed,11,1
Frederikus Wullink,Mon,9,1
Frederikus Wullink,Thu,9,1
Frederikus Wullink,Wed,13,1
Fredrika Lopez,Mon,13,1
Fredrika Lopez,Mon,15,1
Fredrika Lopez,Thu,9,1
Fredrika Lopez,Thu,11,1
Fredrika Lopez,Wed,11,2
Frédéric IJkema,Mon,13,1
Frédéric IJkema,Mon,15,1
Frédéric IJkema,Thu,9,2
Frédéric IJkema,Thu,11,1
Frédéric IJkema,Wed,9,1
Frédéric IJkema,Wed,11,3
Fynn Krabbe,Thu,11,1
Fynn Krabbe,Thu,15,1
Gabe Haarman,Mon,11,1
Gabe Haarman,Wed,9,1
Gabriëlla Yazici,Fri,13,1
Gabriëlla Yazici,Fri,15,1
Gabriëlla Yazici,Mon,13,1
Gabriëlla Yazici,Mon,15,1
Gabriëlla Yazici,Thu,9,1
Gabriëlla Yazici,Thu,11,1
Gabriëlla Yazici,Wed,11,2
Geartsje Jackson,Fri,13,1
Geartsje Jackson,Wed,13,1
Geerte van der Meij,Mon,13,1
Geerte van der Meij,Mon,15,3
Geerte van der Meij,Mon,17,1
Geerte van der Meij,Thu,11,1
Geerte van der Meij,Thu,17,1
Geerte van der Meij,Wed,11,1
Geerte van der Meij,Wed,13,1
Geerte van der Meij,Wed,15,1
Geerten Elschot,Fri,17,1
Geerten Elschot,Mon,13,1
Geerten Elschot,Thu,11,1
Geerten Elschot,Wed,11,1
Genesis Potman,Thu,11,1
George Knuiman,Mon,15,1
George Knuiman,Thu,17,1
George Knuiman,Wed,13,1
George van Dieten,Fri,11,1
George van Dieten,Mon,9,1
Georgia van Rossem,Fri,11,1
Georgia van Rossem,Fri,13,1
Georgia van Rossem,Mon,9,1
Georgia van Rossem,Wed,13,1
Gerritjan Joris,Mon,11,1
Gerritjan Joris,Mon,15,1
Gerritjan Joris,Thu,9,1
Gerritjan Joris,Wed,9,1
Gerritjan Joris,Wed,13,1
Geurt Nuiten,Fri,11,1
Geurt Nuiten,Fri,13,1
Geurt Nuiten,Mon,13,1
Geurt Nuiten,Thu,11,1
Geurt Nuiten,Wed,11,1
Geurt Nuiten,Wed,13,1
Gidon Baetsen,Mon,11,1
Gidon Baetsen,Mon,15,1
Gidon Baetsen,Thu,9,1
Gidon Baetsen,Wed,9,2
Gidon Baetsen,Wed,11,1
Giedo Planken,Fri,17,1
Gineke Korte,Wed,15,1
Gonca Stroo,Fri,9,1
Goos Dane,Fri,13,1
Goos Dane,Mon,11,1
Goos Dane,Wed,13,1
Graciella van der Plas,Fri,17,1
Graciella van der Plas,Thu,9,1
Graciella van der Plas,Wed,13,1
Gradus Dams,Mon,11,1
Gradus Dams,Mon,15,1
Gradus Dams,Thu,17,1
Gradus Dams,Wed,13,1
Guilliano Blomsma,Fri,13,1
Guilliano Blomsma,Mon,11,1
Guilliano Blomsma,Mon,13,1
Guilliano Blomsma,Wed,11,1
Gustaaf Poldervaart,Mon,11,1
Gustaaf Poldervaart,Thu,9,1
Gustaaf Poldervaart,Wed,13,2
Guus Heijnen,Thu,9,1
Guus Heijnen,Wed,13,1
Guus Heijnen,Wed,15,1
Güven Curfs,Fri,15,1
Haiko Raaijmakers,Fri,15,1
Haiko Raaijmakers,Thu,9,2
Haiko Raaijmakers,Wed,13,1
Hailey Claassen,Fri,15,1
Hailey Claassen,Mon,9,1
Hailey Claassen,Mon,13,1
Hailey Claassen,Thu,11,1
Hailey Claassen,Wed,11,1
Hanan Lathouwers,Fri,9,2
Hanan Lathouwers,Fri,13,1
Hanan Lathouwers,Mon,9,1
Hanan Lathouwers,Mon,13,1
Hanan Lathouwers,Thu,11,1
Hanan Lathouwers,Wed,11,1
Hanan Lathouwers,Wed,15,1
Hananja Cramer,Fri,9,1
Hananja Cramer,Mon,13,1
Hananja Cramer,Thu,11,1
Hananja Cramer,Wed,11,1
Hande Essink,Thu,9,1
Hande Essink,Wed,9,1
Hande Essink,Wed,11,1
Hanne Brans,Fri,15,1
Hanne Brans,Mon,9,1
Hanne Brans,Mon,11,1
Hanne Brans,Wed,9,1
Harke Wester,Fri,13,1
Harke Wester,Mon,15,2
Harke Wester,Mon,17,1
Harke Wester,Wed,13,1
Haroun Lemaire,Fri,9,2
Haroun Lemaire,Mon,9,1
Haroun Lemaire,Mon,13,1
Haroun Lemaire,Thu,9,1
Haroun Lemaire,Thu,11,1
Haroun Lemaire,Wed,11,1
Haroun Lemaire,Wed,13,1
Harry Noordhuis,Mon,9,1
Harry Noordhuis,Thu,11,1
Harwin van Loon,Fri,11,1
Harwin van Loon,Fri,13,1
Harwin van Loon,Mon,11,1
Harwin van Loon,Mon,15,2
Harwin van Loon,Mon,17,1
Harwin van Loon,Wed,9,2
Hazel van Wensen,Fri,11,1
Hazel van Wensen,Mon,9,1
Heba Pelders,Mon,11,1
Hedwich Toetenel,Fri,13,1
Hedwich Toetenel,Mon,13,1
Hedwich Toetenel,Thu,15,1
Hedwich Toetenel,Wed,11,1
Heiltje Wijnands,Fri,9,1
Heiltje Wijnands,Mon,15,1
Heiltje Wijnands,Thu,17,1
Heiltje Wijnands,Wed,13,1
Heiltje Wijnands,Wed,15,1
Hendrik-Jan Prevoo,Fri,15,1
Henricus Noot,Fri,9,1
Herman Apeldoorn,Fri,11,1
Herman Apeldoorn,Mon,9,1
Herman Apeldoorn,Mon,11,1
Herman Apeldoorn,Mon,15,1
Herwin Ester,Fri,9,2
Herwin Ester,Mon,9,1
Herwin Ester,Mon,11,1
Herwin Ester,Mon,13,2
Herwin Ester,Thu,13,1
Herwin Ester,Thu,15,1
Herwin Ester,Wed,9,1
Hetty Lindhout,Fri,13,1
Hetty Lindhout,Mon,15,2
Hetty Lindhout,Mon,17,1
Hetty Lindhout,Thu,11,1
Hetty Lindhout,Wed,13,1
Hiba Boogert,Thu,9,1
Hiba Boogert,Thu,11,1
Hiba Boogert,Wed,13,1
Hui van Zeijl,Fri,13,2
Hui van Zeijl,Wed,13,1
Hui van Zeijl,Wed,15,1
Ihsane Wind,Fri,15,1
Ilana Philippi,Fri,11,1
Ilana Philippi,Wed,15,1
Ilayda van Dinther,Thu,9,1
Ilayda van Dinther,Wed,13,1
Ilyass Broeks,Fri,9,2
Ilyass Broeks,Mon,9,2
Ilyass Broeks,Wed,13,1
Imran Scheffers,Fri,13,1
Imran Scheffers,Mon,9,1
Imran Scheffers,Mon,13,1
Imran Scheffers,Thu,9,1
Imran Scheffers,Thu,11,1
Imran Scheffers,Wed,11,1
Imran Scheffers,Wed,13,2
Inas Niezen,Mon,15,1
Inas Niezen,Thu,9,1
Inas Niezen,Wed,11,1
Inger Notermans,Fri,11,1
Inger Notermans,Fri,15,1
Inger Notermans,Mon,15,2
Inger Notermans,Mon,17,1
Inger Notermans,Wed,9,1
Inger Notermans,Wed,15,1
Jacey Tunç,Fri,15,1
Jacko Wobbes,Fri,9,2
Jacko Wobbes,Mon,9,1
Jackson Scherpenzeel,Fri,9,1
Jackson Scherpenzeel,Fri,11,1
Jackson Scherpenzeel,Fri,17,1
Jackson Scherpenzeel,Mon,9,1
Jacky van Apeldoorn,Thu,15,1
Jael Boutkan,Thu,9,1
Jael Boutkan,Wed,13,2
Jaiden Schoonderwoerd,Fri,11,1
Jaiden Schoonderwoerd,Mon,9,1
Jake Rosenbrand,Thu,9,1
Jake Rosenbrand,Wed,13,1
Jannette Rust,Wed,15,1
Janniek de Leest,Fri,9,1
Janniek de Leest,Mon,15,1
Janniek de Leest,Thu,9,1
Janniek de Leest,Wed,11,1
Jarik Blikman,Fri,9,2
Jarik Blikman,Fri,11,1
Jarik Blikman,Mon,9,2
Jarik Blikman,Mon,11,1
Jarik Blikman,Thu,11,1
Jarik Blikman,Thu,13,1
Jarik Blikman,Thu,15,1
Jarik Blikman,Wed,9,1
Jarik Regeling,Fri,13,1
Jarik Regeling,Thu,11,1
Jarik Regeling,Wed,13,1
Jaro Essink,Fri,9,1
Jaro Essink,Mon,15,1
Jaro Essink,Thu,11,1
Jaro Essink,Thu,17,1
Jaro Essink,Wed,13,1
Javier Pruijmboom,Thu,9,1
Javier Pruijmboom,Wed,13,1
Jayme van Eeuwijk,Fri,9,1
Jayme van Eeuwijk,Mon,11,1
Jayme van Eeuwijk,Thu,13,1
Jayme van Eeuwijk,Wed,9,1
Jayme van Eeuwijk,Wed,15,1
Jennie Roozendaal,Fri,17,1
Jenske Jongejan,Fri,9,1
Jenske Jongejan,Mon,15,3
Jenske Jongejan,Mon,17,1
Jenske Jongejan,Thu,9,2
Jenske Jongejan,Wed,11,1
Jenske Jongejan,Wed,13,1
Jeremey Bontenbal,Fri,15,1
Jeremey Bontenbal,Fri,17,1
Jersey van Ravesteijn,Thu,15,1
Jetty Haanstra,Thu,9,1
Jetty Haanstra,Wed,13,1
Jetty van Putten,Fri,9,2
Jetty van Putten,Mon,9,1
Jetty van Putten,Mon,11,2
Jetty van Putten,Mon,15,1
Jetty van Putten,Thu,13,1
Jetty van Putten,Wed,9,2
Jildou Corvers,Fri,13,1
Jildou Corvers,Mon,13,1
Jildou Corvers,Wed,11,1
Jimi Sips,Fri,13,1
Jimi Sips,Mon,13,1
Jimi Sips,Mon,15,2
Jimi Sips,Mon,17,1
Jimi Sips,Thu,9,1
Jimi Sips,Wed,11,1
Jimi Sips,Wed,13,1
Jiri Vinke,Mon,15,2
Jiri Vinke,Mon,17,1
Jo-Anne Modderkolk,Fri,9,3
Jo-Anne Modderkolk,Fri,11,1
Jo-Anne Modderkolk,Fri,13,1
Jo-Anne Modderkolk,Fri,17,1
Jo-Anne Modderkolk,Mon,9,1
Jo-Anne Modderkolk,Wed,9,1
Jo-Anne Modderkolk,Wed,13,1
Jodi van Riel,Fri,11,1
Jodi van Riel,Mon,15,1
Jodi van Riel,Thu,9,3
Jodi van Riel,Wed,9,2
Jodi van Riel,Wed,11,2
Jodi van Riel,Wed,13,1
Johanne Holstein,Fri,13,1
Johanne Holstein,Thu,11,1
Johannes van der Plaats,Fri,9,1
Johannes van der Plaats,Fri,13,1
Johannes van der Plaats,Mon,13,1
Johannes van der Plaats,Wed,11,1
Johannus van Bavel,Fri,11,1
Johannus van Bavel,Mon,9,1
Johannus van Bavel,Mon,11,1
Johannus van Bavel,Thu,11,1
Johannus van Bavel,Thu,13,1
Johannus van Bavel,Wed,9,1
Johannus van Bavel,Wed,15,1
Jonah Teuben,Fri,9,2
Jonah Teuben,Fri,13,1
Jonah Teuben,Mon,9,1
Jonah Teuben,Mon,13,1
Jonah Teuben,Mon,15,1
Jonah Teuben,Thu,17,1
Jonah Teuben,Wed,11,1
Jonah Teuben,Wed,13,2
Jonas Crombach,Fri,17,1
Jorg 't Lam,Fri,9,1
Jorg 't Lam,Mon,11,1
Jorg 't Lam,Wed,9,1
Jorian van Zijderveld,Fri,9,1
Jorian van Zijderveld,Mon,13,1
Jorian van Zijderveld,Thu,11,1
Jorian van Zijderveld,Wed,11,1
Jorike Coenen,Mon,15,1
Jorike Coenen,Thu,11,1
Jorike Coenen,Thu,17,1
Jorike Coenen,Wed,13,1
Jorike Coenen,Wed,15,1
Jorren Modderkolk,Fri,13,1
Jorren Modderkolk,Mon,11,1
Jorren Modderkolk,Mon,13,1
Jorren Modderkolk,Mon,15,3
Jorren Modderkolk,Mon,17,1
Jorren Modderkolk,Wed,11,1
Jorren Modderkolk,Wed,15,1
Jort Vries,Fri,9,1
Jort Vries,Fri,17,1
Jort Vries,Thu,9,1
Jort Vries,Thu,11,1
Jort Vries,Wed,13,1
Jory Leijenaar,Fri,13,1
Jory Leijenaar,Mon,11,1
Jos Welling,Mon,11,1
Jos Welling,Mon,13,1
Jos Welling,Mon,15,2
Jos Welling,Mon,17,1
Jos Welling,Thu,11,1
Jos Welling,Wed,11,1
Jos van der Zwet,Fri,9,3
Jos van der Zwet,Mon,9,1
Jos van der Zwet,Mon,15,1
Jos van der Zwet,Thu,9,1
Jos van der Zwet,Thu,17,1
Jos van der Zwet,Wed,13,3
Josef van der Wiel,Fri,11,1
Josef van der Wiel,Mon,9,2
Josef van der Wiel,Mon,11,1
Josef van der Wiel,Thu,11,1
Joshi van Groeningen,Mon,9,1
Joshi van Groeningen,Mon,15,1
Joshi van Groeningen,Thu,17,1
Joshi van Groeningen,Wed,13,1
Juan van Eijndhoven,Fri,15,1
Juan van Eijndhoven,Wed,15,1
Judi Hamers,Fri,13,1
Judi Hamers,Mon,11,1
Judi Hamers,Wed,9,1
Juliët Noordzij,Fri,17,1
Juliët Noordzij,Thu,9,2
Juliët Noordzij,Wed,9,1
Juliët Noordzij,Wed,11,1
Juliët Noordzij,Wed,13,1
Juliëtte Kant,Fri,11,2
Juliëtte Kant,Wed,9,1
Juliëtte Kant,Wed,15,1
Julot van Teeffelen,Fri,9,2
Julot van Teeffelen,Mon,9,1
Julot van Teeffelen,Mon,15,1
Julot van Teeffelen,Thu,9,1
Julot van Teeffelen,Wed,11,1
Julot van Teeffelen,Wed,13,1
Juno Zaaijer,Fri,13,2
Juno Zaaijer,Mon,13,1
Juno Zaaijer,Wed,11,1
Juno Zaaijer,Wed,13,1
Jurre van de Sanden,Fri,9,2
Jurre van de Sanden,Mon,9,1
Jurre van de Sanden,Thu,11,1
Jurrian Fekkes,Mon,13,2
Jurrian Fekkes,Mon,15,1
Jurrian Fekkes,Thu,9,2
Jurrian Fekkes,Thu,15,1
Jurrian Fekkes,Wed,11,1
Jurrian Fekkes,Wed,13,2
Jurrit Nieuwenhuizen,Fri,13,1
Jurrit Nieuwenhuizen,Mon,13,1
Jurrit Nieuwenhuizen,Wed,11,1
Kamiel Vinken,Mon,9,1
Kamil Streefland,Fri,9,1
Kamil Streefland,Fri,17,1
Kamil Streefland,Mon,11,1
Kamil Streefland,Thu,13,1
Kamil Streefland,Wed,9,1
Kamila van de Kruijs,Wed,15,1
Kaoutar Philips,Fri,9,2
Kaoutar Philips,Fri,17,1
Kaoutar Philips,Mon,9,1
Kaoutar Philips,Mon,11,1
Kaoutar Philips,Mon,15,1
Karam Rinkel,Fri,17,1
Karam Rinkel,Mon,13,1
Karam Rinkel,Mon,15,1
Karam Rinkel,Thu,9,1
Karam Rinkel,Thu,11,1
Karam Rinkel,Wed,11,2
Karim Vingerhoets,Fri,13,1
Karim Vingerhoets,Mon,15,1
Karim Vingerhoets,Thu,17,1
Karim Vingerhoets,Wed,13,2
Karolina Roodbeen,Fri,11,1
Karolina Roodbeen,Fri,13,1
Karolina Roodbeen,Mon,13,1
Karolina Roodbeen,Mon,15,2
Karolina Roodbeen,Mon,17,1
Karolina Roodbeen,Wed,9,1
Karolina Roodbeen,Wed,11,1
Karolina Roodbeen,Wed,13,1
Kathryn de Jongste,Thu,15,1
Kathryn de Jongste,Wed,15,1
Kavish Versteeg,Fri,13,1
Kavish Versteeg,Mon,11,2
Kavish Versteeg,Mon,13,1
Kavish Versteeg,Thu,11,1
Kavish Versteeg,Thu,13,1
Kavish Versteeg,Wed,9,2
Kavish Versteeg,Wed,11,1
Kavish Versteeg,Wed,13,1
Keely Ursem,Fri,9,2
Keely Ursem,Fri,11,1
Keely Ursem,Fri,13,1
Keely Ursem,Mon,9,1
Keely Ursem,Thu,9,1
Keely Ursem,Wed,9,1
Keely Ursem,Wed,13,2
Kelly Doedens,Fri,11,1
Kelly Doedens,Thu,9,1
Kelly Doedens,Wed,9,1
Kelly Doedens,Wed,13,1
Kely Borg,Fri,9,1
Ken Borsboom,Fri,15,1
Kenan Spronck,Fri,13,1
Keshia Westgeest,Thu,9,1
Keshia Westgeest,Wed,13,1
Kimm Rienks,Fri,9,1
Kimm Rienks,Mon,13,1
Kimm Rienks,Thu,9,1
Kimm Rienks,Thu,11,1
Kimm Rienks,Wed,11,1
Kimm Rienks,Wed,13,1
Kimmy Kesteloo,Mon,11,1
Kimmy Kesteloo,Mon,15,2
Kimmy Kesteloo,Mon,17,1
Ko Droste,Mon,13,1
Ko Droste,Mon,15,1
Ko Droste,Thu,9,2
Ko Droste,Thu,11,1
Ko Droste,Wed,11,2
Ko Droste,Wed,13,1
Krijna de Kreij,Wed,13,1
Krijntje Rombout,Mon,13,1
Krijntje Rombout,Thu,9,1
Krijntje Rombout,Thu,11,1
Krijntje Rombout,Wed,11,1
Krijntje Rombout,Wed,13,1
Kyan Jankie,Fri,13,1
Kyan Jankie,Mon,11,1
Kyan Jankie,Thu,13,1
Kyan Jankie,Wed,9,1
Kyan Jankie,Wed,13,1
Kyllian Bekkema,Fri,15,1
Kyllian Bekkema,Mon,11,1
Kyllian Bekkema,Mon,15,1
Kyllian Bekkema,Thu,11,1
Kyra Huibers,Fri,13,1
Kyra Huibers,Mon,13,1
Kyra Huibers,Wed,11,1
Lakshmi van der Gaag,Fri,11,1
Lakshmi van der Gaag,Wed,9,1
Lamia Mok,Fri,17,1
Lamia Mok,Mon,13,1
Lamia Mok,Thu,11,1
Lamia Mok,Wed,11,1
Lamia Mok,Wed,15,1
Lammigje van Loveren,Fri,9,1
Lammigje van Loveren,Fri,11,1
Lammigje van Loveren,Mon,13,2
Lammigje van Loveren,Mon,15,1
Lammigje van Loveren,Thu,9,1
Lammigje van Loveren,Thu,15,1
Lammigje van Loveren,Thu,17,1
Lammigje van Loveren,Wed,9,1
Lammigje van Loveren,Wed,13,1
Laurent Wallenburg,Mon,15,1
Laurent Wallenburg,Thu,9,1
Laurent Wallenburg,Thu,15,1
Laurent Wallenburg,Wed,11,1
Laurentia Cooijmans,Fri,11,1
Laurentia Cooijmans,Mon,9,1
Laurentia Cooijmans,Mon,15,2
Laurentia Cooijmans,Mon,17,1
Laurentia Cooijmans,Thu,9,1
Laurentia Cooijmans,Wed,13,1
Le Janga,Fri,11,1
Le Janga,Fri,15,1
Le Janga,Fri,17,1
Le Janga,Mon,9,1
Le Janga,Mon,15,1
Le Janga,Thu,17,1
Le Janga,Wed,13,1
Lee Numan,Fri,11,1
Lee Numan,Thu,9,1
Lee Numan,Wed,9,1
Lee Numan,Wed,13,1
Leida van de Ridder,Fri,9,3
Leida van de Ridder,Fri,15,1
Leida van de Ridder,Mon,9,1
Leida van de Ridder,Thu,9,1
Leida van de Ridder,Wed,13,1
Lenne Boateng,Mon,15,1
Lenne Boateng,Thu,9,1
Lenne Boateng,Thu,17,1
Lenne Boateng,Wed,13,1
Leo van Amerongen,Fri,9,1
Levien Selten,Fri,9,1
Levien Selten,Fri,17,1
Levien Selten,Thu,9,1
Levien Selten,Wed,13,1
Liana Charité,Fri,9,1
Liana Charité,Fri,15,1
Liana Charité,Mon,9,1
Liedeke van Bezooijen,Mon,13,1
Liedeke van Bezooijen,Mon,15,2
Liedeke van Bezooijen,Mon,17,1
Liedeke van Bezooijen,Thu,11,1
Liedeke van Bezooijen,Wed,11,1
Lilly Oosterbroek,Wed,13,1
Linne de Zoete,Fri,17,1
Lisse Moes,Fri,9,1
Lisse Moes,Fri,13,1
Lisse Moes,Mon,15,1
Lisse Moes,Thu,9,2
Lisse Moes,Wed,11,1
Lisse Moes,Wed,13,1
Liza Traa,Fri,11,2
Liza Traa,Mon,9,1
Liza Traa,Wed,9,1
Lody van Bentem,Wed,15,1
Logan Sonnemans,Fri,11,1
Logan Sonnemans,Mon,15,1
Logan Sonnemans,Thu,9,1
Logan Sonnemans,Wed,9,1
Logan Sonnemans,Wed,11,1
Lorraine Rijkens,Fri,11,1
Lorraine Rijkens,Wed,9,1
Loulou Panman,Thu,9,1
Loulou Panman,Wed,13,1
Luca Pereira,Fri,17,1
Luca Pereira,Mon,9,1
Luca Pereira,Thu,9,1
Luca Pereira,Wed,15,1
Luciana Putters,Mon,13,2
Luciana Putters,Thu,15,1
Lucienne Caris,Mon,11,1
Lucienne Caris,Mon,15,2
Lucienne Caris,Thu,9,1
Lucienne Caris,Thu,17,1
Lucienne Caris,Wed,9,1
Lucienne Caris,Wed,11,1
Lucienne Caris,Wed,13,1
Ludovicus Eissens,Fri,9,2
Ludovicus Eissens,Fri,17,1
Ludovicus Eissens,Mon,9,1
Ludovicus Eissens,Mon,13,1
Ludovicus Eissens,Thu,11,1
Ludovicus Eissens,Wed,11,1
Lysbeth Keuken,Mon,15,1
Lysbeth Keuken,Thu,9,1
Lysbeth Keuken,Thu,17,1
Lysbeth Keuken,Wed,9,1
Lysbeth Keuken,Wed,11,1
Lysbeth Keuken,Wed,13,1
Lysbeth Keuken,Wed,15,1
Léon van Maurik,Fri,11,1
Léon van Maurik,Mon,15,1
Léon van Maurik,Thu,9,1
Léon van Maurik,Thu,17,1
Léon van Maurik,Wed,9,1
Léon van Maurik,Wed,13,2
Léon van Maurik,Wed,15,1
Léon van den Hoogen,Thu,9,1
Léon van den Hoogen,Wed,13,1
Léonie Richardson,Thu,9,2
Léonie Richardson,Wed,9,1
Léonie Richardson,Wed,11,1
Léonie Richardson,Wed,13,1
Maan ten Pas,Fri,13,1
Maan ten Pas,Fri,17,1
Maan ten Pas,Wed,13,1
Maan ten Pas,Wed,15,1
Machteld Kwantes,Fri,13,1
Machteld Kwantes,Wed,13,1
Maggy van Walsum,Fri,11,1
Maggy van Walsum,Thu,15,1
Maggy van Walsum,Wed,9,1
Mahmud Heller,Fri,15,1
Mahmud Heller,Mon,11,1
Mahmud Heller,Thu,13,1
Mahmud Heller,Wed,9,1
Malcolm Looij,Fri,11,2
Malcolm Looij,Thu,9,1
Malcolm Looij,Wed,9,1
Malcolm Looij,Wed,13,1
Malte Zondag,Fri,13,1
Malte Zondag,Mon,11,1
Malte Zondag,Mon,13,1
Malte Zondag,Mon,15,1
Malte Zondag,Thu,15,1
Malte Zondag,Wed,11,1
Manuël de Boon,Fri,9,1
Manuël de Boon,Mon,11,1
Manuël de Boon,Mon,15,1
Manuël de Boon,Thu,9,3
Manuël de Boon,Wed,11,1
Manuël de Boon,Wed,13,1
Maran van Wanrooij,Fri,13,1
Maran van Wanrooij,Thu,15,1
Marcellus Mijnheer,Fri,13,1
Marcellus Mijnheer,Mon,13,1
Marcellus Mijnheer,Mon,15,2
Marcellus Mijnheer,Mon,17,1
Marcellus Mijnheer,Thu,9,1
Marcellus Mijnheer,Thu,11,1
Marcellus Mijnheer,Wed,11,1
Marcellus Mijnheer,Wed,13,2
Marck Soekhai,Fri,13,1
Marck Soekhai,Fri,15,1
Marck Soekhai,Mon,13,1
Marck Soekhai,Thu,11,1
Marck Soekhai,Wed,11,1
Marck Wijngaarden,Fri,11,1
Marck Wijngaarden,Fri,15,1
Marck Wijngaarden,Mon,15,2
Marck Wijngaarden,Mon,17,1
Marck Wijngaarden,Thu,9,1
Marck Wijngaarden,Wed,9,2
Marck Wijngaarden,Wed,11,1
Marco Bloemert,Mon,15,2
Marco Bloemert,Mon,17,1
Marco Gilsing,Thu,9,1
Marco Gilsing,Wed,9,1
Marco Gilsing,Wed,11,1
Marianka Selten,Thu,9,1
Marianka Selten,Wed,13,1
Marije de Vreeze,Fri,9,1
Marije de Vreeze,Mon,15,2
Marije de Vreeze,Mon,17,1
Marilène van Santen,Fri,11,1
Marilène van Santen,Fri,13,1
Marilène van Santen,Mon,13,1
Marilène van Santen,Wed,11,1
Maris Wielenga,Thu,9,1
Maris Wielenga,Wed,13,1
Marise Zonneveld,Mon,11,1
Marise Zonneveld,Thu,13,1
Marise Zonneveld,Wed,9,1
Maritha van der Niet,Fri,11,1
Maritha van der Niet,Fri,15,1
Maritha van der Niet,Mon,9,1
Maritha van der Niet,Mon,11,2
Maritha van der Niet,Wed,9,1
Maritte Gök,Fri,11,1
Maritte Gök,Fri,13,1
Maritte Gök,Mon,9,1
Maritte Gök,Mon,13,2
Maritte Gök,Thu,9,1
Maritte Gök,Thu,11,1
Maritte Gök,Wed,9,1
Maritte Gök,Wed,11,3
Marjory Dielen,Thu,9,1
Marjory Dielen,Wed,13,1
Marnik Imthorn,Fri,9,1
Marnik Imthorn,Wed,13,1
Maron Miedema,Mon,11,1
Maron Miedema,Mon,13,1
Maron Miedema,Thu,9,1
Maron Miedema,Thu,11,1
Maron Miedema,Wed,9,1
Maron Miedema,Wed,11,2
Marrie Bekker,Mon,15,2
Marrie Bekker,Mon,17,1
Marrie Bekker,Thu,9,1
Marrie Bekker,Thu,11,1
Marrie Bekker,Wed,13,2
Marrit Speelman,Fri,17,1
Marrit Speelman,Mon,11,1
Marrit Speelman,Thu,15,1
Martin Avci,Mon,15,1
Martin Avci,Thu,17,1
Martin Avci,Wed,13,1
Martin Avci,Wed,15,1
Maruschka Doppenberg,Thu,11,1
Maryam Wiegmans,Fri,15,1
Maryam Wiegmans,Mon,11,1
Maryam Wiegmans,Thu,9,1
Maryam Wiegmans,Wed,9,1
Maryam Wiegmans,Wed,11,1
Mathyn Lamme,Fri,11,1
Mathyn Lamme,Fri,13,1
Mathyn Lamme,Mon,9,1
Mathyn Lamme,Wed,13,1
Mathé Luth,Mon,9,1
Mathé Luth,Wed,13,1
Matisse Weij,Mon,11,1
Matisse Weij,Mon,15,3
Matisse Weij,Mon,17,1
Matisse Weij,Thu,17,1
Matisse Weij,Wed,13,1
Matthijs Pleiter,Fri,17,1
Matthijs Pleiter,Mon,15,2
Matthijs Pleiter,Mon,17,1
Matthijs Pleiter,Thu,9,1
Mattie Eisinga,Fri,13,1
Mattie Eisinga,Fri,17,1
Mattie Eisinga,Thu,11,1
Mattie Eisinga,Wed,13,1
Mattijs Baudoin,Fri,11,1
Mattijs Baudoin,Mon,15,2
Mattijs Baudoin,Thu,9,1
Mattijs Baudoin,Thu,11,1
Mattijs Baudoin,Thu,15,1
Mattijs Baudoin,Thu,17,1
Mattijs Baudoin,Wed,11,1
Mattijs Baudoin,Wed,13,1
Matz Koning,Mon,13,1
Matz Koning,Mon,15,2
Matz Koning,Mon,17,1
Matz Koning,Thu,11,1
Matz Koning,Wed,11,1
Maureen Versantvoort,Fri,9,1
Maureen Versantvoort,Fri,11,1
Maureen Versantvoort,Thu,9,1
Maureen Versantvoort,Wed,9,2
Maureen Versantvoort,Wed,11,1
Maurice Lima,Fri,13,1
Maurice Lima,Mon,11,1
Maïssae Joseph,Fri,11,1
Maïssae Joseph,Mon,13,1
Maïssae Joseph,Thu,11,1
Maïssae Joseph,Wed,11,1
Mellanie Zhang,Fri,9,1
Mellanie Zhang,Fri,11,1
Mellanie Zhang,Mon,9,1
Mellanie Zhang,Thu,9,1
Mellanie Zhang,Wed,9,1
Mellanie Zhang,Wed,13,1
Mellisa Leemburg,Fri,9,1
Mellisa Leemburg,Fri,11,1
Mellisa Leemburg,Mon,11,1
Mellisa Leemburg,Mon,15,1
Mellisa Leemburg,Thu,9,1
Mellisa Leemburg,Wed,9,1
Mellisa Leemburg,Wed,13,1
Meta van Marle,Fri,11,1
Meta van Marle,Fri,17,1
Meta van Marle,Mon,9,1
Meta van Marle,Mon,15,1
Meta van Marle,Thu,11,1
Meta van Marle,Thu,17,1
Meta van Marle,Wed,13,1
Micha van Maarseveen,Fri,11,1
Micha van Maarseveen,Mon,9,1
Micha van Maarseveen,Mon,11,1
Micha van Maarseveen,Thu,9,1
Micha van Maarseveen,Wed,9,2
Micha van Maarseveen,Wed,11,1
Michal Hooiveld,Mon,11,1
Michal Hooiveld,Thu,13,1
Michal Hooiveld,Wed,9,1
Michèl Sieben,Fri,13,1
Michèl Sieben,Mon,9,1
Michèl Sieben,Wed,13,1
Mies Westra,Fri,9,1
Miguel van Oss,Thu,11,1
Miko Kalpoe,Fri,9,1
Mink Pothuizen,Fri,9,1
Mink Pothuizen,Fri,11,1
Mink Pothuizen,Mon,9,1
Mink Pothuizen,Thu,9,1
Minoesch Scheltema,Mon,9,1
Minoesch Scheltema,Mon,13,1
Minoesch Scheltema,Thu,9,1
Minoesch Scheltema,Thu,11,1
Minoesch Scheltema,Wed,11,1
Minoesch Scheltema,Wed,13,1
Miquel Metzelaar,Fri,9,1
Miquel Metzelaar,Mon,15,2
Miquel Metzelaar,Mon,17,1
Miquel Metzelaar,Thu,9,1
Miquel Metzelaar,Wed,13,1
Mitzi Corten,Mon,15,1
Mitzi Corten,Thu,17,1
Mitzi Corten,Wed,13,1
Monika Blikman,Fri,17,1
Monika Blikman,Mon,9,1
Monika Blikman,Mon,11,1
Monika Blikman,Mon,15,1
Monika Blikman,Thu,11,1
Monika Blikman,Wed,9,1
Mouna Lathouwers,Fri,9,2
Mouna Lathouwers,Fri,11,1
Mouna Lathouwers,Mon,9,1
Mouna Lathouwers,Thu,9,1
Mouna Lathouwers,Wed,9,2
Mouna Lathouwers,Wed,11,1
Myron Middel,Mon,11,1
Myron Middel,Mon,15,1
Myron Middel,Wed,15,1
Müslüm de Olde,Fri,9,1
Müslüm de Olde,Thu,9,1
Müslüm de Olde,Wed,13,1
Naciye van Eert,Fri,9,1
Naciye van Eert,Fri,11,1
Naciye van Eert,Fri,17,1
Naciye van Eert,Mon,13,1
Naciye van Eert,Thu,11,1
Naciye van Eert,Wed,11,1
Nadeem Lagendijk,Fri,17,1
Nadeem Lagendijk,Thu,9,1
Nadeem Lagendijk,Wed,13,1
Nadien Volman,Mon,11,1
Nadien Volman,Mon,15,1
Nadien Volman,Thu,17,1
Nadien Volman,Wed,9,1
Nadien Volman,Wed,13,1
Nadir Remijn,Thu,11,1
Nadja Vendel,Fri,13,1
Nadège Lems,Fri,9,1
Nadège Lems,Fri,11,1
Nadège Lems,Fri,15,1
Nadège Lems,Wed,9,1
Nalinie van Ierland,Fri,13,1
Nalinie van Ierland,Mon,13,1
Nalinie van Ierland,Wed,11,1
Nanet van Osta,Fri,9,1
Nanet van Osta,Thu,15,1
Nanet van Osta,Wed,15,1
Nanette te Braak,Mon,15,1
Nanette te Braak,Thu,9,2
Nanette te Braak,Thu,17,1
Nanette te Braak,Wed,9,1
Nanette te Braak,Wed,11,1
Nanette te Braak,Wed,13,2
Nanette te Braak,Wed,15,1
Nanke van den Berg,Thu,9,1
Narin Boshuis,Mon,15,1
Narin Boshuis,Thu,9,1
Narin Boshuis,Wed,11,1
Nassira Schoutens,Fri,9,1
Nathanaël Plasman,Fri,9,1
Nathanaël Plasman,Fri,13,1
Nathanaël Plasman,Mon,13,1
Nathanaël Plasman,Wed,11,1
Neele Veeke,Thu,9,1
Neele Veeke,Wed,9,1
Neele Veeke,Wed,11,1
Nermin Talhaoui,Fri,9,2
Nermin Talhaoui,Fri,13,1
Nermin Talhaoui,Mon,9,1
Nermin Talhaoui,Mon,13,1
Nermin Talhaoui,Thu,11,1
Nermin Talhaoui,Wed,11,1
Nesrin Holt,Fri,11,1
Nesrin Holt,Mon,11,1
Nesrin Holt,Wed,9,1
Ngoc Kropman,Fri,17,1
Nika van Baaren,Fri,15,1
Nika van Baaren,Mon,9,1
Nika van Baaren,Mon,11,1
Nika van Baaren,Thu,11,1
Nikie Kreijkes,Fri,11,1
Nikolas Jansema,Mon,11,1
Nikolas Jansema,Wed,9,1
Noelle Melis,Mon,11,1
Nordin Geboers,Fri,9,1
Nordin Geboers,Mon,11,1
Nordin Geboers,Thu,13,1
Nordin Geboers,Wed,9,1
Noud Menke,Fri,9,1
Noud Menke,Mon,15,1
Noud Menke,Thu,17,1
Noud Menke,Wed,13,2
Noë Slangen,Fri,9,1
Noë Slangen,Fri,13,1
Noë Slangen,Mon,11,1
Noë Slangen,Mon,15,1
Noë Slangen,Wed,9,1
Noë Slangen,Wed,13,1
Nurcan Fennis,Thu,9,1
Nurcan Fennis,Wed,9,1
Nurcan Fennis,Wed,11,1
Nuriye Kooijmans,Fri,13,1
Nuriye Kooijmans,Mon,9,1
Nuriye Kooijmans,Mon,11,1
Nuriye Kooijmans,Mon,15,1
Nuriye Kooijmans,Thu,9,2
Nuriye Kooijmans,Wed,9,1
Nuriye Kooijmans,Wed,11,1
Nuriye Kooijmans,Wed,13,2
Nygel Vaatstra,Mon,11,1
Nygel Vaatstra,Mon,13,1
Nygel Vaatstra,Mon,15,1
Nygel Vaatstra,Thu,9,1
Nygel Vaatstra,Thu,11,1
Nygel Vaatstra,Thu,17,1
Nygel Vaatstra,Wed,9,2
Nygel Vaatstra,Wed,11,2
Nygel Vaatstra,Wed,13,1
Nyncke Brinks,Fri,17,1
Oliver Milder,Fri,11,1
Oliver Milder,Mon,9,1
Oliver Milder,Mon,11,1
Oliver Milder,Thu,9,1
Oliver Milder,Wed,13,1
Oliver Milder,Wed,15,1
Olle Hamhuis,Fri,13,1
Olof Tap,Fri,9,1
Orçun Sterenberg,Fri,9,1
Orçun Sterenberg,Mon,15,1
Orçun Sterenberg,Thu,9,1
Orçun Sterenberg,Thu,17,1
Orçun Sterenberg,Wed,13,2
Ouidad van Hall,Fri,9,1
Ouidad van Hall,Mon,11,1
Ouidad van Hall,Mon,13,1
Ouidad van Hall,Thu,9,1
Ouidad van Hall,Thu,11,2
Ouidad van Hall,Thu,13,1
Ouidad van Hall,Wed,9,1
Ouidad van Hall,Wed,11,1
Oumaima Donselaar,Mon,11,1
Oumaima Donselaar,Mon,15,1
Oumaima Donselaar,Wed,9,1
Owen Jama,Fri,9,2
Owen Jama,Mon,9,1
Owen Jama,Wed,13,1
Patric Geluk,Fri,13,1
Patric Geluk,Mon,13,1
Patric Geluk,Wed,11,1
Patricia Sier,Fri,9,2
Patricia Sier,Mon,9,1
Patricia Sier,Mon,13,1
Patricia Sier,Mon,15,1
Patricia Sier,Thu,11,1
Patricia Sier,Thu,17,1
Patricia Sier,Wed,11,1
Patricia Sier,Wed,13,1
Patricia Sier,Wed,15,1
Patryk van de Kraats,Fri,9,1
Patryk van de Kraats,Thu,9,2
Patryk van de Kraats,Wed,9,1
Patryk van de Kraats,Wed,11,1
Paulette Hunting,Fri,9,2
Paulette Hunting,Fri,15,1
Paulette Hunting,Mon,9,1
Paulette van de Wardt,Fri,15,1
Paulette van de Wardt,Fri,17,1
Paulette van de Wardt,Thu,9,1
Paulo Jak,Fri,11,1
Paulo Jak,Wed,9,1
Pearl Elberse,Fri,11,1
Pearl Elberse,Wed,9,1
Pearl van der Leek,Thu,9,1
Pearl van der Leek,Wed,9,1
Pearl van der Leek,Wed,11,1
Perry Blijleven,Wed,15,1
Peter-Jan van Amersfoort,Mon,9,1
Peter-Jan van Amersfoort,Mon,13,1
Peter-Jan van Amersfoort,Thu,11,1
Peter-Jan van Amersfoort,Wed,11,1
Pietro Dieperink,Mon,11,1
Pietro Dieperink,Wed,9,1
Pim Machielsen,Fri,17,1
Pleun ter Heide,Fri,9,2
Pleun ter Heide,Fri,13,2
Pleun ter Heide,Mon,9,1
Pleun ter Heide,Mon,13,1
Pleun ter Heide,Thu,11,1
Pleun ter Heide,Wed,11,1
Pleun ter Heide,Wed,13,1
Priscillia van Voorden,Fri,9,1
Priscillia van Voorden,Fri,11,1
Priscillia van Voorden,Mon,13,1
Priscillia van Voorden,Mon,15,2
Priscillia van Voorden,Mon,17,1
Priscillia van Voorden,Thu,11,2
Priscillia van Voorden,Wed,9,1
Priscillia van Voorden,Wed,11,1
Quido Deniz,Fri,9,1
Quido Deniz,Fri,11,1
Quido Deniz,Thu,15,1
Rachell Smallegange,Mon,13,1
Rachell Smallegange,Thu,11,1
Rachell Smallegange,Wed,11,1
Rafaela Polfliet,Fri,13,1
Rafaela Polfliet,Mon,11,1
Rafaela Polfliet,Mon,15,1
Rafaela Polfliet,Thu,9,1
Rafaela Polfliet,Thu,11,1
Rafaela Polfliet,Wed,13,1
Rahim Kienhuis,Fri,9,1
Rahim Kienhuis,Fri,13,1
Rahim Kienhuis,Fri,17,1
Raja Tijhof,Fri,15,1
Randell Nieman,Mon,11,1
Randell Nieman,Wed,9,1
Raven Elissen,Fri,9,2
Raven Elissen,Mon,9,1
Raven Elissen,Thu,11,1
Ravi Bauer,Mon,15,2
Ravi Bauer,Mon,17,1
Ravi Bauer,Thu,9,1
Ravi Bauer,Thu,11,1
Ravi Bauer,Wed,13,1
Rayen van de Kruijs,Fri,9,1
Rayen van de Kruijs,Fri,17,1
Rayen van de Kruijs,Mon,15,1
Rayen van de Kruijs,Thu,9,2
Rayen van de Kruijs,Thu,17,1
Rayen van de Kruijs,Wed,13,2
Rayn Bolding,Thu,9,1
Rayn Bolding,Wed,9,1
Rayn Bolding,Wed,11,1
Redouane Paijmans,Mon,11,1
Redouane Paijmans,Mon,15,1
Redouane Paijmans,Thu,11,1
Redouane Paijmans,Thu,17,1
Redouane Paijmans,Wed,9,1
Redouane Paijmans,Wed,13,1
Reduan Warsame,Mon,15,3
Reduan Warsame,Mon,17,1
Reduan Warsame,Thu,17,1
Reduan Warsame,Wed,13,1
Rein Leidelmeijer,Fri,11,1
Rein Leidelmeijer,Thu,9,1
Rein Leidelmeijer,Wed,9,1
Rein Leidelmeijer,Wed,11,1
Rein Leidelmeijer,Wed,13,1
Remon Kost,Mon,11,1
Remon Kost,Thu,9,1
Remon Kost,Thu,13,1
Remon Kost,Wed,9,1
Remon Kost,Wed,13,1
Renco van Weel,Fri,17,1
Renco van Weel,Mon,11,1
Renco van Weel,Mon,13,1
Renco van Weel,Thu,11,1
Renco van Weel,Wed,9,1
Renco van Weel,Wed,11,1
Renco van Weel,Wed,15,1
Renze Brink,Fri,13,1
Renze Brink,Fri,17,1
Renze Brink,Mon,13,1
Renze Brink,Thu,9,1
Renze Brink,Wed,11,1
Renze Brink,Wed,13,1
Resi Braamhaar,Wed,13,1
Resul Kuijpers,Fri,9,2
Resul Kuijpers,Mon,9,1
Resul Kuijpers,Mon,13,3
Resul Kuijpers,Thu,11,1
Resul Kuijpers,Thu,15,1
Resul Kuijpers,Wed,11,1
Rhona Bakkum,Mon,15,2
Rhona Bakkum,Mon,17,1
Rhona Bakkum,Thu,9,1
Rhona Bakkum,Wed,9,1
Rhona Bakkum,Wed,11,1
Rhona Vromans,Mon,13,2
Rhona Vromans,Thu,15,1
Riana Kampers,Fri,9,1
Riana Kampers,Fri,15,1
Riana Kampers,Wed,13,1
Richenel Giesen,Mon,9,1
Rieke Odijk,Mon,15,1
Rieke Odijk,Thu,9,1
Rieke Odijk,Thu,17,1
Rieke Odijk,Wed,9,1
Rieke Odijk,Wed,11,1
Rieke Odijk,Wed,13,1
Rijkje Groote,Mon,13,1
Rijkje Groote,Thu,9,1
Rijkje Groote,Thu,11,1
Rijkje Groote,Thu,15,1
Rijkje Groote,Wed,11,1
Rijkje Groote,Wed,13,1
Rika Buizer,Fri,17,1
Rika Buizer,Mon,11,2
Rika Buizer,Mon,15,1
Rika Buizer,Wed,9,2
Rino Jacob,Fri,17,1
Rins Oosterbeek,Mon,11,2
Rins Oosterbeek,Mon,15,1
Rins Oosterbeek,Thu,13,1
Rins Oosterbeek,Wed,9,2
Rins Oosterbeek,Wed,13,1
Rintje Dumoulin,Mon,9,1
Rivelino Goor,Mon,11,1
Rivelino Goor,Thu,13,1
Rivelino Goor,Wed,9,1
Roan Meulmeester,Fri,11,1
Roan Meulmeester,Mon,11,1
Roan Meulmeester,Mon,13,3
Roan Meulmeester,Thu,11,1
Roan Meulmeester,Thu,15,1
Roan Meulmeester,Wed,11,1
Robbie van de Geijn,Fri,15,1
Robbie van de Geijn,Mon,9,1
Rochelle Thielen,Fri,9,1
Rochelle Thielen,Fri,17,1
Roelof Adam,Fri,13,1
Roelof Adam,Mon,13,1
Roelof Adam,Wed,11,1
Roma Rotgans,Fri,9,2
Roma Rotgans,Mon,9,1
Roma Rotgans,Mon,13,1
Roma Rotgans,Thu,11,1
Roma Rotgans,Wed,11,1
Romaisa Oostvogels,Fri,9,2
Romaisa Oostvogels,Fri,11,1
Romaisa Oostvogels,Fri,17,1
Romaisa Oostvogels,Mon,9,2
Romaisa Oostvogels,Wed,15,1
Romany van Kessel,Thu,9,1
Romany van Kessel,Wed,13,1
Romello Reintjes,Mon,15,2
Romello Reintjes,Mon,17,1
Rosali Heikoop,Fri,9,1
Rosali Heikoop,Mon,13,1
Rosali Heikoop,Thu,11,2
Rosali Heikoop,Wed,11,1
Roswitha van de Kuilen,Wed,15,1
Rudolph Bosman,Thu,9,1
Rudolph Bosman,Wed,13,1
Rudy van de Pavert,Thu,9,1
Rudy van de Pavert,Wed,13,1
Ruveyda van Lingen,Mon,11,1
Ruveyda van Lingen,Mon,15,1
Ruveyda van Lingen,Thu,11,1
Ruveyda van Lingen,Wed,15,2
Rémy Piek,Fri,11,1
Rémy Piek,Mon,9,1
Rémy Piek,Mon,13,1
Rémy Piek,Mon,15,1
Rémy Piek,Thu,9,2
Rémy Piek,Thu,11,1
Rémy Piek,Wed,11,2
S?la Droog,Fri,9,2
S?la Droog,Fri,11,1
S?la Droog,Mon,9,1
S?la Droog,Mon,11,1
S?la Droog,Mon,15,1
S?la Droog,Wed,9,1
Saba Bhaggoe,Fri,9,1
Saba Bhaggoe,Fri,17,1
Saba Bhaggoe,Mon,15,1
Saba Bhaggoe,Thu,9,1
Saba Bhaggoe,Wed,11,1
Sahar Hamstra,Fri,11,1
Sahar Hamstra,Fri,13,2
Sahar Hamstra,Wed,13,1
Saif Sikking,Mon,13,1
Saif Sikking,Thu,11,1
Saif Sikking,Wed,11,1
Samah van 't Oever,Fri,17,1
Samah van 't Oever,Thu,9,1
Samah van 't Oever,Wed,9,1
Samah van 't Oever,Wed,11,1
Samentha Toren,Fri,17,1
Samentha Toren,Thu,9,1
Samentha Toren,Wed,13,1
Samyra Çetin,Fri,9,3
Samyra Çetin,Fri,15,1
Samyra Çetin,Mon,9,1
Sanja Tas,Mon,13,1
Sanja Tas,Mon,15,1
Sanja Tas,Thu,11,1
Sanja Tas,Thu,17,1
Sanja Tas,Wed,11,1
Sanja Tas,Wed,13,1
Sanna van Wiggen,Fri,11,1
Sanne Lentz,Fri,11,1
Sanne Lentz,Fri,13,1
Sanne Lentz,Mon,11,1
Sanne Lentz,Mon,13,1
Sanne Lentz,Wed,9,2
Sanne Lentz,Wed,11,1
Sanne Lentz,Wed,15,1
Sanne van Sleeuwen,Fri,9,1
Sanne van Sleeuwen,Mon,11,1
Sanne van Sleeuwen,Mon,15,2
Sanne van Sleeuwen,Mon,17,1
Sanne van Sleeuwen,Wed,9,1
Sarena Tjeerdsma,Fri,9,2
Sarena Tjeerdsma,Fri,11,1
Sarena Tjeerdsma,Fri,13,1
Sarena Tjeerdsma,Fri,17,1
Sarena Tjeerdsma,Mon,9,1
Sarena Tjeerdsma,Thu,9,1
Sarena Tjeerdsma,Wed,13,2
Sayfeddine Bruijnes,Fri,9,1
Sayfeddine Bruijnes,Fri,11,1
Sayfeddine Bruijnes,Fri,17,1
Sayfeddine Bruijnes,Mon,11,1
Sayfeddine Bruijnes,Thu,13,1
Sayfeddine Bruijnes,Wed,9,1
Sayfeddine Wolswijk,Fri,13,1
Sayfeddine Wolswijk,Mon,13,1
Sayfeddine Wolswijk,Wed,11,1
Saïd van Aalderen,Fri,17,1
Scotty van der Stoel,Fri,9,1
Scotty van der Stoel,Mon,15,1
Scotty van der Stoel,Thu,17,1
Scotty van der Stoel,Wed,13,1
Seb Okkerse,Thu,9,1
Semiha Quik,Fri,15,1
Semiha Quik,Wed,15,1
Sergio Hijdra,Thu,9,1
Sergio Hijdra,Thu,15,1
Sergio Hijdra,Wed,13,1
Servaas Anker,Mon,13,1
Servaas Anker,Thu,11,1
Servaas Anker,Wed,11,1
Servaas Anker,Wed,15,1
Servet Sijmons,Mon,11,2
Servet Sijmons,Mon,15,1
Seval van Leussen,Fri,15,1
Seyed Laurijssen,Mon,9,1
Seyed Laurijssen,Mon,11,1
Seyed Laurijssen,Mon,15,1
Seyit Cleven,Fri,11,1
Seyit Cleven,Mon,9,1
Sezen Kivits,Thu,11,1
Sezen Kivits,Wed,13,1
Shairon van Aaken,Wed,13,1
Shakir Paauwe,Fri,9,2
Shakir Paauwe,Mon,9,1
Shakir Paauwe,Thu,11,1
Shan Rokx,Fri,11,1
Shan Rokx,Fri,15,1
Shan Rokx,Mon,11,1
Shan Rokx,Mon,15,1
Shan Rokx,Thu,11,1
Shan Rokx,Wed,9,1
Shan Rokx,Wed,13,1
Shannon Mullenders,Fri,17,1
Shannon Mullenders,Mon,15,2
Shannon Mullenders,Mon,17,1
Sharan Baselmans,Fri,11,1
Sharan Baselmans,Mon,15,3
Sharan Baselmans,Mon,17,1
Sharan Baselmans,Thu,17,1
Sharan Baselmans,Wed,13,1
Sharan Baselmans,Wed,15,1
Sharen Kortlever,Fri,11,1
Sharen Kortlever,Fri,17,1
Sharen Kortlever,Mon,9,1
Sharen Kortlever,Wed,9,1
Sharief Stegink,Fri,11,1
Sharief Stegink,Thu,11,1
Sharief Stegink,Wed,9,1
Shauny van Hezik,Fri,17,1
Shauny van Hezik,Wed,13,1
Shawny van de Pol,Fri,9,2
Shawny van de Pol,Fri,11,2
Shawny van de Pol,Mon,9,1
Shawny van de Pol,Mon,15,2
Shawny van de Pol,Mon,17,1
Shawny van de Pol,Wed,9,1
Shaya Snelder,Fri,13,1
Shaya Snelder,Mon,13,2
Shaya Snelder,Thu,15,1
Shaya Snelder,Wed,13,1
Sherman Vervaart,Mon,11,1
Sherman Vervaart,Wed,9,1
Sherman Vervaart,Wed,15,1
Sherwin Lugthart,Thu,9,1
Sherwin Lugthart,Wed,13,1
Sien van Plateringen,Mon,15,1
Sien van Plateringen,Thu,9,1
Sien van Plateringen,Thu,17,1
Sien van Plateringen,Wed,9,1
Sien van Plateringen,Wed,11,1
Sien van Plateringen,Wed,13,1
Silvie Thoma,Fri,13,1
Silvie Thoma,Mon,15,2
Silvie Thoma,Mon,17,1
Silvy Schrauwen,Fri,9,1
Silvy Schrauwen,Fri,15,1
Silvy Schrauwen,Thu,9,1
Silvy Schrauwen,Thu,11,1
Silvy Schrauwen,Wed,9,1
Silvy Schrauwen,Wed,11,1
Siri Dröge,Wed,15,1
Sivar Rottier,Fri,11,1
Sivar Rottier,Mon,15,2
Sivar Rottier,Mon,17,1
Sivar Rottier,Thu,9,1
Sivar Rottier,Wed,9,2
Sivar Rottier,Wed,11,1
Skye Tas,Fri,11,1
Skye Tas,Fri,17,1
Skye Tas,Thu,9,1
Skye Tas,Wed,9,2
Skye Tas,Wed,11,1
Sohrab Geers,Fri,11,1
Sohrab Geers,Mon,15,2
Sohrab Geers,Mon,17,1
Sohrab Geers,Wed,13,1
Solane Paulissen,Fri,13,1
Solane Paulissen,Mon,15,3
Solane Paulissen,Mon,17,1
Solane Paulissen,Thu,9,1
Solane Paulissen,Wed,11,1
Solomon Verhorst,Mon,15,1
Solomon Verhorst,Thu,17,1
Solomon Verhorst,Wed,13,1
Sonny Mol,Fri,9,1
Sonny Mol,Mon,13,1
Sonny Mol,Thu,11,1
Sonny Mol,Wed,11,1
Steijn Ooijen,Fri,11,1
Steijn Ooijen,Mon,11,1
Steijn Ooijen,Thu,9,1
Steijn Ooijen,Wed,9,1
Steijn Ooijen,Wed,13,1
Stein Zweekhorst,Fri,11,1
Stephano Popma,Fri,11,1
Stephano Popma,Mon,15,1
Stephano Popma,Thu,17,1
Stephano Popma,Wed,9,1
Stephano Popma,Wed,13,1
Stephano Popma,Wed,15,1
Sverre Hoenderdos,Mon,9,1
Taeke Renes,Fri,9,1
Taeke Renes,Fri,13,1
Talha Vermeeren,Mon,11,1
Talha Vermeeren,Thu,11,1
Talha Vermeeren,Thu,13,1
Talha Vermeeren,Wed,9,1
Tamar Jongbloed,Fri,9,1
Tamar Jongbloed,Fri,17,1
Tamar Jongbloed,Mon,11,1
Tamar Jongbloed,Mon,13,1
Tamar Jongbloed,Thu,9,1
Tamar Jongbloed,Thu,11,1
Tamar Jongbloed,Wed,11,1
Tamar van der Drift,Fri,13,1
Tamimount van Herten,Mon,13,2
Tamimount van Herten,Thu,15,1
Tamimount van Herten,Wed,13,1
Tarah Broerse,Fri,11,1
Tarah Broerse,Mon,13,2
Tarah Broerse,Thu,15,1
Tarik van Vloten,Fri,11,1
Tarik van Vloten,Mon,13,1
Tarik van Vloten,Thu,11,1
Tarik van Vloten,Wed,11,1
Tariq Bood,Fri,9,1
Tea Horstink,Fri,9,1
Tea Horstink,Mon,15,1
Tea Horstink,Thu,17,1
Tea Horstink,Wed,13,1
Tea Rutte,Fri,13,1
Tea Rutte,Wed,13,1
Tevfik Rothuizen,Mon,13,1
Tevfik Rothuizen,Mon,15,1
Tevfik Rothuizen,Thu,9,1
Tevfik Rothuizen,Thu,11,2
Tevfik Rothuizen,Wed,11,2
Theadora Besemer,Mon,11,1
Theadora Besemer,Thu,13,1
Theadora Besemer,Wed,9,1
Thijn Kooyman,Mon,15,1
Thijn Kooyman,Thu,9,1
Thijn Kooyman,Thu,17,1
Thijn Kooyman,Wed,13,2
Thom Schuiling,Thu,11,1
Thyrza Blik,Fri,11,1
Thys Kersten,Fri,13,1
Thys Kersten,Mon,11,1
Thys Kersten,Mon,15,1
Thys Kersten,Wed,9,1
Tian Berkers,Fri,13,1
Tian Berkers,Mon,11,1
Tian Berkers,Mon,13,1
Tian Berkers,Mon,15,1
Tian Berkers,Thu,9,1
Tian Berkers,Wed,11,1
Tian Berkers,Wed,13,1
Timo Postuma,Fri,9,1
Timo Postuma,Fri,13,1
Timo Postuma,Fri,17,1
Timo Postuma,Mon,15,1
Timo Postuma,Thu,9,1
Timo Postuma,Thu,11,1
Timo Postuma,Wed,11,1
Timo Postuma,Wed,13,1
Titia Korbee,Fri,9,1
Titia Korbee,Mon,15,3
Titia Korbee,Mon,17,1
Titia Korbee,Thu,11,1
Titia Korbee,Thu,17,1
Titia Korbee,Wed,13,1
Titia Korbee,Wed,15,1
Tjalle ten Pas,Fri,11,2
Tjalle ten Pas,Thu,9,1
Tjalle ten Pas,Wed,9,1
Tjalle ten Pas,Wed,13,1
Tjesse Voesten,Fri,13,1
Tjesse Voesten,Fri,15,1
Tjesse Voesten,Mon,11,1
Tjesse Voesten,Mon,15,1
Tjesse Voesten,Wed,9,1
Tjesse Voesten,Wed,13,2
Tom Stokkel,Fri,11,1
Tom Stokkel,Fri,17,1
Tom Stokkel,Thu,9,1
Tom Stokkel,Wed,13,1
Tom Stokkel,Wed,15,1
Tom Truijen,Mon,15,1
Tom Truijen,Thu,17,1
Tom Truijen,Wed,13,2
Tori Roeterdink,Thu,9,1
Tori Roeterdink,Wed,13,1
Tos van der Ster,Thu,9,1
Tos van der Ster,Wed,13,1
Touraya van Lingen,Mon,11,1
Touraya van Lingen,Thu,13,1
Touraya van Lingen,Wed,9,1
Umar Grift,Fri,9,1
Umar Grift,Mon,13,2
Umar Grift,Thu,15,1
Valéry Majoor,Fri,9,2
Valéry Majoor,Fri,17,1
Valéry Majoor,Mon,9,1
Valéry Majoor,Mon,15,3
Valéry Majoor,Mon,17,1
Valéry Majoor,Thu,17,1
Valéry Majoor,Wed,13,1
Vanita Yusuf,Thu,9,1
Vanita Yusuf,Wed,13,1
Vasco Waninge,Fri,9,2
Vasco Waninge,Mon,9,1
Vasco Waninge,Thu,9,2
Vasco Waninge,Wed,9,1
Vasco Waninge,Wed,11,1
Vasco Waninge,Wed,13,1
Vesna Nijs,Thu,9,1
Vesna Nijs,Wed,9,1
Vesna Nijs,Wed,11,1
Vigo Wijers,Mon,11,1
Vigo Wijers,Mon,15,1
Vincent Kros,Mon,15,2
Vincent Kros,Mon,17,1
Vincentius Pater,Fri,11,1
Vincentius Pater,Mon,9,1
Vincentius Pater,Mon,15,1
Vincentius Pater,Thu,9,1
Vincentius Pater,Thu,15,1
Vincentius Pater,Wed,11,1
Vinod Velt,Fri,11,1
Vinod Velt,Fri,13,1
Vinod Velt,Mon,13,1
Vinod Velt,Wed,9,1
Vinod Velt,Wed,11,1
Virgill Hamelink,Fri,9,1
Virgill Hamelink,Mon,13,1
Virgill Hamelink,Thu,11,1
Virgill Hamelink,Wed,11,1
Virginie Brunsveld,Fri,11,2
Virginie Brunsveld,Mon,13,2
Virginie Brunsveld,Mon,15,2
Virginie Brunsveld,Mon,17,1
Virginie Brunsveld,Thu,9,1
Virginie Brunsveld,Thu,15,1
Virginie Brunsveld,Wed,9,2
Virginie Brunsveld,Wed,11,1
Vivianne Buter,Fri,9,1
Vivianne Buter,Fri,13,1
Vivianne Buter,Mon,11,1
Vivianne Buter,Mon,15,1
Vivianne Buter,Thu,9,1
Vivianne Buter,Wed,13,2
Vivianne Buter,Wed,15,1
Wafa Bart,Fri,11,1
Wafa Bart,Fri,17,1
Wafa Bart,Mon,9,1
Wafa Bart,Mon,15,2
Wafa Bart,Mon,17,1
Wafa Bart,Wed,9,1
Walther van Halteren,Fri,17,1
Walther van Halteren,Mon,11,1
Walther van Halteren,Wed,9,1
Wannes Lohuis,Mon,15,1
Wannes Lohuis,Thu,17,1
Wannes Lohuis,Wed,13,1
Wichard Hospers,Fri,9,1
Wichard Hospers,Fri,11,1
Wichard Hospers,Mon,15,2
Wichard Hospers,Mon,17,1
Wichard Stienen,Fri,11,1
Wichard Stienen,Thu,9,1
Wichard Stienen,Wed,13,1
Wieke de Leest,Fri,11,1
Wiert Becht,Wed,15,1
Wijntje Plaizier,Fri,9,1
Wijntje Plaizier,Thu,11,1
Willibrordus Agema,Thu,9,1
Willibrordus Agema,Wed,13,1
Wilmer Appelhof,Fri,9,1
Winfried Doeve,Wed,15,1
Wissal Ankone,Fri,13,1
Wissal Ankone,Mon,11,1
Wissal Eggens,Fri,11,1
Wissal Eggens,Wed,9,1
Wissal Eggens,Wed,13,1
Wulfert Brinksma,Fri,15,1
Wytse van Geest,Fri,17,1
Wytske Buining,Fri,9,1
Wytske Buining,Fri,11,1
Wytske Buining,Fri,15,1
Wytske Buining,Mon,15,2
Wytske Buining,Thu,9,1
Wytske Buining,Thu,17,1
Wytske Buining,Wed,9,1
Wytske Buining,Wed,11,1
Wytske Buining,Wed,13,1
Xander Peijs,Mon,15,2
Xander Peijs,Mon,17,1
Xanne Slob,Fri,11,1
Xiao Schijvenaars,Thu,9,1
Xiao Teekens,Fri,9,1
Xiao Teekens,Fri,11,1
Xiao Teekens,Fri,15,1
Xiao Teekens,Thu,15,1
Xiao Teekens,Wed,13,1
Ya Steeman,Wed,13,1
Yalda Grootenboer,Fri,13,1
Yalda Grootenboer,Mon,13,1
Yalda Grootenboer,Mon,15,2
Yalda Grootenboer,Thu,9,1
Yalda Grootenboer,Thu,17,1
Yalda Grootenboer,Wed,11,2
Yalda Grootenboer,Wed,13,1
Yalda Grootenboer,Wed,15,1
Yana de Looff,Mon,13,1
Yana de Looff,Thu,11,1
Yana de Looff,Wed,11,1
Yang van Munster,Wed,15,1
Yanick Abbing,Fri,11,1
Yanick Abbing,Mon,9,1
Yanick Abbing,Mon,11,1
Yanick Abbing,Mon,13,1
Yanick Abbing,Thu,11,1
Yanick Abbing,Thu,13,1
Yanick Abbing,Wed,9,1
Yanick Abbing,Wed,11,1
Yarah Roest,Thu,9,1
Yarah Roest,Wed,9,1
Yarah Roest,Wed,11,1
Yaro Kamp,Fri,13,1
Yaro Kamp,Mon,11,1
Yaro Kamp,Mon,13,1
Yaro Kamp,Wed,9,1
Yaro Kamp,Wed,11,1
Yde Christiaens,Fri,9,3
Yde Christiaens,Fri,11,1
Yde Christiaens,Fri,17,1
Yde Christiaens,Mon,9,1
Yde Christiaens,Thu,9,1
Yde Christiaens,Wed,9,1
Yde Christiaens,Wed,13,1
Yee Koppers,Thu,9,1
Yee Koppers,Thu,15,1
Yee Koppers,Wed,13,1
Yi Luten,Fri,9,1
Yi Luten,Fri,11,1
Yi Luten,Fri,13,1
Yi Luten,Fri,17,1
Yi Luten,Mon,9,1
Yi Luten,Thu,9,1
Yi Luten,Wed,13,1
Ylse Klarenbeek,Fri,9,1
Ylse Klarenbeek,Mon,11,1
Ylse Klarenbeek,Mon,15,3
Ylse Klarenbeek,Mon,17,1
Ylse Klarenbeek,Wed,9,1
Ynte van Berkom,Fri,11,1
Ynte van Berkom,Fri,15,1
Ynte van Berkom,Mon,9,1
Ynze Freriks,Mon,13,1
Ynze Freriks,Thu,11,1
Ynze Freriks,Wed,11,1
Ytje Hup,Fri,13,1
Ytje Hup,Wed,13,1
Yuki Verkuijl,Fri,11,1
Yuki Verkuijl,Fri,13,1
Yuki Verkuijl,Mon,9,1
Yuki Verkuijl,Wed,9,1
Yun van der Vleuten,Mon,11,1
Yun van der Vleuten,Mon,15,1
Yun van der Vleuten,Wed,9,1
Yuna Winkelaar,Mon,15,1
Yuna Winkelaar,Thu,9,1
Yuna Winkelaar,Wed,11,1
Yunus Westera,Mon,15,1
Yunus Westera,Thu,9,1
Yunus Westera,Thu,17,1
Yunus Westera,Wed,13,1
Yuri van Mourik,Fri,9,2
Yuri van Mourik,Fri,13,1
Yuri van Mourik,Mon,9,1
Yuri van Mourik,Mon,13,2
Yuri van Mourik,Thu,11,1
Yuri van Mourik,Wed,11,2
Yvan Lau,Fri,11,1
Yücel van Kasteel,Mon,13,1
Yücel van Kasteel,Thu,9,1
Yücel van Kasteel,Thu,11,1
Yücel van Kasteel,Wed,11,1
Yücel van Kasteel,Wed,13,2
Zahir Poepjes,Fri,17,1
Zahir Poepjes,Mon,13,1
Zahir Poepjes,Thu,11,2
Zahir Poepjes,Wed,11,1
Zhen Vullings,Fri,13,1
Zhen Vullings,Wed,13,1
Ziggy de Smit,Fri,11,1
Ziggy de Smit,Mon,9,1
Ziya Rooijmans,Fri,11,1
Ziya Rooijmans,Fri,13,1
Ziya Rooijmans,Mon,13,1
Ziya Rooijmans,Mon,15,1
Ziya Rooijmans,Thu,9,1
Ziya Rooijmans,Wed,9,1
Ziya Rooijmans,Wed,11,2
Ça?la de Snoo,Fri,13,1
Ça?la de Snoo,Mon,11,1
Ünal Grooteman,Fri,11,1
Ünal Grooteman,Mon,9,1
Ünal Grooteman,Mon,11,1
Ünal Grooteman,Wed,9,1
